Utility_ID,sector_nam,City,StateName,Zip,Street_Add,PrimSource,Map Name
55833,IPP Non-CHP,Texhoma,Texas,73949,15090 FM 119,wind,AMISTAD_ALL
27470,Electric Utility,Denison,Texas,75020,351 Corps Rd,hydroelectric,AMO_AMOCO_1
18050,Commercial Non-CHP,Irving,Texas,75063,8225 Brent Branch Drive,petroleum,ANACACHO_ANA
54842,IPP Non-CHP,Lewisville,Texas,75067,580 Huffines Blvd,biomass,AZ_ALL
21622,Commercial CHP,Richardson,Texas,75083,800 W. Campbell Road,natural gas,B_DAVIS_3
57379,IPP Non-CHP,Sherman,Texas,75092,510 Progress Drive,natural gas,BAC_RN_ALL
5761,IPP Non-CHP,Ennis,Texas,75119,4001 West Ennis Avenue,natural gas,BAFFIN_ALL
54842,IPP Non-CHP,Ferris,Texas,75125,1201 North Central Ave,biomass,BASTEN_CCU
60477,IPP Non-CHP,Forney,Texas,75126,13770 W US Hwy 80,natural gas,BBREEZE_1_2
55983,IPP Non-CHP,Trinidad,Texas,75163,1320 McEntire,natural gas,BBSES_UNIT1
6958,Electric Utility,Navada,Texas,75173,13835 Cr 489,natural gas,BCATWD_WD_1
55983,IPP Non-CHP,Sunnyvale,Texas,75182,555 Barnes Rd,natural gas,BLSMT1_5_A_6
6035,IPP Non-CHP,Dallas,Texas,75211,2233A Mt. Creek Pkwy.,natural gas,BOOTLEG_UN1
58811,IPP Non-CHP,Dallas,Texas,75253,10011 Log Cabin Road,biomass,BORDAS_ALL
7634,Electric Utility,Greenville,Texas,75401,4201 Powerlane,natural gas,BOSQ_BSQSU_5
55983,IPP Non-CHP,Mount Pleasant,Texas,75455,PO Box 1266,coal,BRA_AVR1_CT2
54700,IPP Non-CHP,Paris,Texas,75460,301 Lake Crook Road,natural gas,BRAZ_WND_ALL
60477,IPP Non-CHP,Paris,Texas,75462,3205 FM 137,natural gas,BRISCOE_WIND
9385,Industrial CHP,Queen City,Texas,75572,9978 FM 3129,biomass,BRTSW_BCW1
49791,IPP CHP,Longview,Texas,75602,"Bldg 121, 2290 Callahan Road",natural gas,BSF_PUN1
17698,Electric Utility,Longview,Texas,75603,306 Knox Lee,natural gas,BTE_BTE_G1
17698,Electric Utility,Avinger,Texas,75630,Highway 49,natural gas,BUCHAN_ALL
17698,Electric Utility,Hallsville,Texas,75650,2396 FM Rd 3251,coal,BUCKTHRN_RN
17698,Electric Utility,Lone Star,Texas,75668,Hwy 259 South,natural gas,BUFF_GAP_ALL
39347,Electric Utility,Marshall,Texas,75670,12039 SH 43 South,natural gas,BULLCRK_1_2
27211,Industrial CHP,Marshall,Texas,75671,3311 Sue Belle Lake Road,biomass,BVE_UNIT1
18518,IPP Non-CHP,Mt. Enterprise,Texas,75681,State Hwy 315 PO Box 697,natural gas,BYU_BYU_1
17698,Electric Utility,Pittsburg,Texas,75686,FM Rd 1735,coal,CAL_ALL
55983,IPP Non-CHP,Tatum,Texas,75691,PO Box 651,coal,CALAVER_JKS1
17650,IPP Non-CHP,Cushing,Texas,75760,499 County Road 988,biomass,CALHOUN_ALL
55983,IPP Non-CHP,Jacksonville,Texas,75785,1895 FM 2420 E,natural gas,CALLAHA_WND1
17650,IPP Non-CHP,McCamey,Texas,75792,7220 Nevill Road,solar,CAMWIND_RN
6763,IPP Non-CHP,Fairfield,Texas,75840,1366 FM 488,natural gas,CARBN_BSP_1
54888,IPP Non-CHP,Jewett,Texas,75846,"Route1, Box 85",coal,CASL_GAP_UN1
55937,Electric Utility,Burkville,Texas,75932,"Route 1, Box 310 (Hwy.692)",hydroelectric,CBEC_ALL
19449,Electric Utility,Jasper,Texas,75951,Route 3 Box 486,hydroelectric,CBECII_1
39347,Electric Utility,Woodville,Texas,75979,1580 CR 1020,biomass,CCEC_GT1
54842,IPP Non-CHP,Aledo,Texas,76008,12880 Camp Bowie W,biomass,CEDROHI_CHW1
6831,Commercial CHP,Arlington,Texas,76012,4500 Wilma Lane,biomass,CHAMON_UN1
2172,Electric Utility,Cleburne,Texas,76033,831 Sparks Dr.,natural gas,CHAMON_UN2
55983,IPP Non-CHP,Glen Rose,Texas,76043,Farm to Market Road 56,nuclear,CHE_LYD
6035,IPP Non-CHP,Granbury,Texas,76048,9201 Wolf Hollow Court,natural gas,COTPLNS_RN
12501,IPP Non-CHP,Midlothian,Texas,76065,4601 Brookhollow Drive,natural gas,CPSES_UNIT1
20230,Electric Utility,Weatherford,Texas,76086,614 Fort Worth Highway,petroleum,CSC_CSECG1_2
6035,IPP Non-CHP,Fort Worth,Texas,76112,6604 East Rosedale St.,natural gas,CTL_GT_102
60995,Commercial Non-CHP,Fort Worth,Texas,76140,5251 Everman Kennedale,hydroelectric,DANSBY_ALL
6958,Electric Utility,Denton,Texas,76205,1701 A Spencer Road,natural gas,DC2SES_ALL
56351,IPP Non-CHP,Denton,Texas,76208,"1527 S. Mayhill Rd, Bldg #107",biomass,DDPEC_GT1
60228,IPP Non-CHP,Aubrey,Texas,76227,15554 Ike Byrom Rd,solar,DECKER_DPG1
17650,IPP Non-CHP,Muenster,Texas,76252,5858 County Road 424,wind,DERMOTT_ALL
60538,Industrial Non-CHP,Wichita Falls,Texas,76305,7400 Central Freeway North,petroleum,DIB_DIB_G1
54777,IPP Non-CHP,Wichita Falls,Texas,76310,4511 Alendale Road,natural gas,DOW_61_2_63
57170,IPP Non-CHP,Archer,Texas,76351,1354 Cowan Rd,wind,DUKE_GST1CCU
60128,IPP Non-CHP,Oklaunion,Texas,76364,13445 C R 134 East,wind,DUP_DUPV1_G1
15474,Electric Utility,Oklaunion,Texas,76373,12567 FM Rd 3430,coal,ECLIPSE_UN1
55963,IPP Non-CHP,Olney,Texas,76374,116 Hilton Ranch Road,wind,ELB_ELBCREEK
59503,IPP Non-CHP,Seymour,Texas,76380,4278 CR 140,wind,ELECTRAW_1_2
58360,IPP Non-CHP,Vernon,Texas,76384,17301 CR 97N,wind,ETCCS_CCU
60129,IPP Non-CHP,Weinert,Texas,76388,694 CR 284,wind,EXGNWTL_1
57170,IPP Non-CHP,Archer,Texas,76389,3885 Loftin Road,wind,FAL_FALCONG1
2172,Electric Utility,Bridgeport,Texas,76426,3844 Henderson Ranch rd.,natural gas,FERGCC_GT1_1
59050,IPP Non-CHP,Bryson,Texas,76427,1065 FM 1191 North,wind,FERMI_ALL
56033,IPP Non-CHP,Albany,Texas,76430,177 Private Road,wind,FLCNS_UNIT1
56545,IPP Non-CHP,Comanche,Texas,76442,2011 CR 207,wind,FLTCK_SSI
55963,IPP Non-CHP,Dublin,Texas,76446,10893 CR397,wind,FLUVANNA_1_2
55983,IPP Non-CHP,Graham,Texas,76450,PO Box 248,natural gas,FO_FORMOSA11
15399,IPP Non-CHP,Jacksboro,Texas,76458,6868 Rock Creek Rd,wind,FO_FORMOSG1
2172,Electric Utility,Palo Pinto,Texas,76484,2217 F.M.Road 3137,natural gas,FREC_1_CCU
21668,IPP Non-CHP,Poolville,Texas,76487,800 Boons Creek Lane,natural gas,FRNYPP_1_CCU
57377,IPP Non-CHP,Temple,Texas,76501,2892 Panda Drive,natural gas,FTR_FTR_G1_4
60400,IPP Non-CHP,Fort Hood,Texas,76544,91001 Ammo Road,solar,FTWIND_UNIT1
55983,IPP Non-CHP,Rockdale,Texas,76567,US Hwy 1786,coal,GBY_GT
56598,IPP Non-CHP,Bremond,Texas,76629,13065 Plant Rd.,coal,GID_GIDEONG1
19449,Electric Utility,Clifton,Texas,76634,285 County Road 3602,hydroelectric,GOA_GOATWIND
55899,IPP Non-CHP,Laquna Park,Texas,76644,PO Box 5436,natural gas,GPASTURE_ALL
55861,IPP Non-CHP,Riesel,Texas,76682,2161 Rattlesnake Rd,coal,GRANDVW1_A_B
61060,IPP Non-CHP,Walnut Springs,Texas,76690,563 Farm Road 203,solar,GRSES_UNIT2
49893,IPP Non-CHP,Goldthwaite,Texas,76844,NA,wind,GUADG_CCU1
56506,IPP Non-CHP,Christoval,Texas,76935,9636 Duff Road,wind,GUNMTN_NODE
50114,Industrial Non-CHP,Silver,Texas,76949,1000 Gas Plant Road,natural gas,GWEC_G1
55958,IPP Non-CHP,Sterling City,Texas,76951,"533 Bird Lane, P.O. Box 129",wind,HELIOS_RN
15941,Commercial CHP,Houston,Texas,77005,6100 Main Street,natural gas,HHGT_KENDAL
59409,Industrial CHP,Houston,Texas,77012,8615 Manchester Blvd,other,HHOLLW2_WND1
18760,Industrial CHP,Houston,Texas,77017,8600 Park Place Blvd.,natural gas,HICK_G1_G2
56826,Commercial CHP,Houston,Texas,77030,1615 Braeswood,natural gas,HLSES_UNIT3
14254,Industrial CHP,Houston,Texas,77046,2800 Battleground Rd,natural gas,HOVEY_UNIT1
54888,IPP Non-CHP,Houston,Texas,77049,12070 Old Beaumont Highway,natural gas,HWF_HWFG1
54888,IPP Non-CHP,Houston,Texas,77064,16301 Highway 249,natural gas,INDN_INDNNWP
59148,IPP CHP,Houston,Texas,77079,14110 Grisby Rd,natural gas,INGLCOSW_STG
17052,Industrial CHP,Houston,Texas,77082,3333  Hwy 6 South,natural gas,INKS_INKS_G1
55937,Electric Utility,Willis,Texas,77318,11191 Longstreet Road,natural gas,JCKCNTY2_CT3
56772,IPP Non-CHP,Cleveland,Texas,77327,19248 Highway 105,biomass,KEECHI_U1
39347,Electric Utility,Shepherd,Texas,77371,2101 Pelican Road,natural gas,KEO_KEO_SM1
56772,IPP Non-CHP,Houston,Texas,77396,3623 Wilson Road,biomass,KING_KINGNE
56201,IPP Non-CHP,NewGulf,Texas,77420,206 Vat Road #A,natural gas,LAMESASLR_G
22214,IPP CHP,Old Ocean,Texas,77463,"7190 Old FM 524, Gate 13",natural gas,LARDVFTN_G4
59698,IPP Non-CHP,Rock Island,Texas,77470,3217 US 90A Hwy,natural gas,LASSO_GEN
2171,IPP Non-CHP,Thompsons,Texas,77481,3440 Lockwood Rd.,natural gas & coal,LEONLCPCT1_2
21535,IPP Non-CHP,Wadsworth,Texas,77483,8 mi. W. of Wadsworth on FM521,nuclear,LGD_LANGFORD
6035,IPP Non-CHP,Wharton,Texas,77488,4023 South State Highway 60,natural gas,LHM_CVC_G4
3370,IPP CHP,Pasadena,Texas,77506,451 Light Company Road,natural gas,LHSES_UNIT1
327,Industrial CHP,Pasadena,Texas,77507,11777 Bay Area Blvd,natural gas,LPCCS_CT11
56772,IPP Non-CHP,Alvin,Texas,77511,21000 State Route 6,biomass,LV1A_LV1B
2838,IPP CHP,Baytown,Texas,77520,8605 FM 1405,natural gas,MAR_MARSFOG1
6091,Industrial CHP,Baytown,Texas,77522,3525 Decker Drive,natural gas,MARBFA
54888,IPP Non-CHP,Baytown,Texas,77523,7705 West Bay Road,natural gas,MARIAH_ALL
55879,IPP CHP,Channelview,Texas,77530,2330 Sheldon Road,natural gas,MCSES_UNIT6
4994,IPP CHP,Deer Park,Texas,77536,5665 Highway 225,natural gas,MESQCRK_ALL
1182,Industrial CHP,Feeeport,Texas,77541,602 Copper Rd,natural gas,MIAM1_G1_G2
5374,IPP CHP,Freeport,Texas,77547,"2301 Brazosport Blvd., OC-801",natural gas,MIRAGE_G1
6035,IPP Non-CHP,LaPorte,Texas,77571,10202 Strang Rd.,natural gas,MNSES_UNIT1
29925,Industrial CHP,Mont Belvieu,Texas,77580,10207 FM 1942,natural gas,MOZART_WIND1
17566,Industrial CHP,Texas City,Texas,77590,2023 5th Ave South,natural gas,NBOHR_RN
39066,Industrial CHP,Texas City,Texas,77592,3301 Fifth Avenue South,other,NED_NEDIN_G1
4405,IPP Non-CHP,Deweyville,Texas,77614,976 County Road 4213,natural gas,NUE_NUECESG7
12307,Industrial CHP,Evadale,Texas,77615,1913 FM 105,biomass,NWF_NWF1
39347,Electric Utility,Kountze,Texas,77625,8908 U.S. Highway 69,natural gas,OECCS_1
57160,Industrial CHP,Orange,Texas,77631,F M 1006,natural gas,OWF_OWF
54745,Industrial CHP,Orange,Texas,77632,1750 Inland Rd,biomass,OXY_PUN1
914,Industrial CHP,Port Arthur,Texas,77642,Hwy 366 and 32nd St.,natural gas,PB2SES_CT1
1357,Industrial CHP,Port Arthur,Texas,77643,Hwy 366 Gate 99,natural gas,PC_NORTH_1
335,Industrial CHP,Port Neches,Texas,77651,2121 Park Street,natural gas,PENA_ALL
6090,Industrial CHP,Beaumont,Texas,77701,1795 Burt St.,natural gas,PH1_UNIT1_2
7375,Industrial CHP,Beaumont,Texas,77705,11357 Interstate 10,natural gas,PH2_U1_U2
2442,Electric Utility,Bryan,Texas,77801,601 Atkins Street,natural gas,PNPI_GT2_RN
2442,Electric Utility,Bryan,Texas,77807,8181 Mumford Road,natural gas,PR_PR_G2
18715,Electric Utility,Anderson,Texas,77830,12824 FM244,coal,PSA_PUN1
58113,Commercial CHP,College Station,Texas,77843,496 Asbury,natural gas,PYR_PYRON1
55983,IPP Non-CHP,Franklin,Texas,77856,P.O. Box 558,coal,QALSW_ALL
18611,IPP Non-CHP,Shiro,Texas,77876,17500 Hwy 30,natural gas,RAYBURN_G1_2
60638,IPP Non-CHP,Victoria,Texas,77901,1205 S Bottom St,natural gas,RDCAN_RDCNY1
50006,Industrial CHP,Victoria,Texas,77905,2695 Old Bloomington Rd North,natural gas,REDFISH_ALL
56570,IPP Non-CHP,Fannin,Texas,77960,FM 2987 off Hwy 59,coal,REDGATE_ALL
17583,Electric Utility,Nursery,Texas,77976,2849 FM 447,natural gas,REROCK_ALL
6541,Industrial CHP,Point Comfort,Texas,77978,201 Formosa Drive,natural gas,RHESS_1
54837,Industrial Non-CHP,Port Lavaca,Texas,77979,13050 State HWY 185,other,RN_OCI_ALAMO
19450,Industrial CHP,Seadrift,Texas,77983,Highway 185,natural gas,RN_SR_WIND1
16624,Electric Utility,Christine,Texas,78012,6200 FM 3387,coal,RN_TOSBATT
49979,IPP Non-CHP,Laredo,Texas,78041,7300 CPL Rd,natural gas,ROUTE66_RN
17583,Electric Utility,Pearsall,Texas,78061,2393 County Road 1005,natural gas,RSK_RN
57386,IPP Non-CHP,Somerset,Texas,78069,8719 S FM 2790,solar,SALVTION_GEN
58519,IPP Non-CHP,Adkins,Texas,78101,12750 E US Hwy 87,solar,SAN_SANMIGG1
56769,IPP Non-CHP,San Antonio,Texas,78109,12065 E Loop 1604,solar,SANTACRU_ALL
16604,Electric Utility,Elmendorf,Texas,78112,15290 Streich Rd.,natural gas,SC2SES_UNIT1
57045,IPP Non-CHP,Marion,Texas,78124,5740 Weil Road,natural gas,SCLP_PUN1
54842,IPP Non-CHP,New Braunfels,Texas,78130,1000 Kohlenberg,biomass,SDSES_PUN1
16604,Electric Utility,Seguin,Texas,78155,711 Rio Nogales Drive,natural gas,SLTFRK_UN1_2
58489,IPP Non-CHP,San Antonio,Texas,78204,14984 South Blue Wing Road,solar,SOLARA_UNIT1
16604,Electric Utility,San Antonio,Texas,78211,7718 Quintana Rd.,natural gas,SPLAIN1_RN
55858,IPP Non-CHP,San Antonio,Texas,78219,7000 I-10 East,biomass,SPLAIN2_RN
57403,IPP Non-CHP,San Antonio,Texas,78221,3580 Valley Rd,solar,SPNC_SPNCE_4
56565,IPP Non-CHP,San Antonio,Texas,78223,10810 S Blue Wind Rd.,solar,SRB_SRB_G3
55858,IPP Non-CHP,San Antonio,Texas,78252,8611 Covel Road,biomass,SRWE1_UNIT1
16604,Electric Utility,San Antonio,Texas,78263,12940 US Hwy 181 South,natural gas & coal,STEAM_ENG123
56545,IPP Non-CHP,Armstrong,Texas,78338,803 Gulf Wind Road,wind,SW_M_SW_MESA
3432,Industrial CHP,Bishop,Texas,78343,US Route 77 South,natural gas,SWEC_G1
59883,IPP Non-CHP,Bruni,Texas,78344,7476 FM 2050,wind,SWEETWN2_2_4
58998,IPP Non-CHP,Corpus Christi,Texas,78347,,wind,SWEETWND_1
7667,IPP CHP,Gregory,Texas,78359,TX Hwy 361 East @ SAC,natural gas,SWTWN4_WND45
59428,IPP Non-CHP,Hebbronville,Texas,78361,565 FM 649,wind,TC_PUN1
59882,IPP Non-CHP,Mirando City,Texas,78369,5429 Vaquillas Road,wind,TEN_CC1
15399,IPP Non-CHP,Sarita,Texas,78385,581 South Highway 77,wind,TGF_TGFGT
56215,IPP Non-CHP,Taft,Texas,78390,5399 C.R. 3161,wind,TKWSW_CHAMP
58420,IPP Non-CHP,Corpus Christi,Texas,78402,3918 Joe Fulton International,wind,TNP_TNP_O_1
49979,IPP Non-CHP,Corpus Christi,Texas,78403,2002 Navigation,natural gas,TNSKA_CC1
4383,IPP CHP,Corpus Christi,Texas,78407,3952 Buddy Lawrence Drive,natural gas,TRENT_TRENT
6426,Industrial CHP,Corpus Christi,Texas,78409,2825 Suntide Road 78409,natural gas,TRINITY_ALL
5065,Industrial CHP,Corpus Christi,Texas,78410,1501 McKenzie Road,natural gas,TRSES_UNIT6
49979,IPP Non-CHP,Corpus Christi,Texas,78418,4301 Waldron Rd,natural gas,TTWEC_G1
19685,Industrial Non-CHP,Corpus Christi,Texas,78469,5900 Up River Rd,petroleum,TXCTY_CC1
2409,Electric Utility,Brownsville,Texas,78520,94 West 13th St Power Plant Dr,natural gas,TYLRWIND_RN
2877,IPP Non-CHP,Edinburg,Texas,78539,3333 N. McColl Rd.,natural gas,UCC_COG_PUN1
9339,Electric Utility,Falcon Heights,Texas,78545,"PO Bx 1, FM 2098 Reservoir Rd",hydroelectric,VLSES_UNIT3
55918,IPP Non-CHP,Los Fresnos,Texas,78566,31304 - 31664 San Ramon Rd,wind,WAKEWE_ALL
59119,IPP Non-CHP,Rio Grande City,Texas,78582,200 FM 490,wind,WAP_WAP_G8
58939,IPP Non-CHP,Rio Hondo,Texas,78583,25005 FM 1847 B,wind,WEC_WECG1
56215,IPP Non-CHP,San Perlita,Texas,78590,12550 Pennington Road,wind,WFCOGEN_13
16098,Industrial CHP,Santa Rosa,Texas,78593,2 1/2mi.W. Hwy 107,biomass,WHCCS_CC1
57063,IPP Non-CHP,Sebastian,Texas,78594,4545 FM 507,wind,WHCCS2_CC2
11269,Electric Utility,Bastrop,Texas,78602,257 Power Plant Rd.,natural gas,WIPOPA_1_2
11269,Electric Utility,Buchanan Dam,Texas,78609,322 Buchanan Dam Dr.,hydroelectric,WNDTS2_UNIT1
1015,Electric Utility,Austin,Texas,78617,13005 Fallwell Ln.,natural gas,
7370,Electric Utility,Gonzales,Texas,78629,200 Water St,hydroelectric,
57021,IPP Non-CHP,Manor,Texas,78653,18580 FM 969,solar,
11269,Electric Utility,Marble Falls,Texas,78654,3138 North Wirtz Dam Rd,hydroelectric,
11269,Electric Utility,Marble Falls,Texas,78657,2001 Ferguson Rd.,natural gas,
57389,Commercial Non-CHP,Round Rock,Texas,78664,1 IKEA Way,solar,
1074,IPP Non-CHP,San Marcos,Texas,78666,1601 Francis Harris Ln,natural gas,
11269,Electric Utility,Austin,Texas,78703,3700 Lake Austin Blvd,hydroelectric,
19537,Commercial CHP,Austin,Texas,78713,215 E 24th,natural gas,
1015,Electric Utility,Austin,Texas,78723,4901 Lancaster Drive,natural gas,
1015,Electric Utility,Austin,Texas,78724,8003 Decker Ln,natural gas,
12632,Commercial CHP,Austin,Texas,78726,6801 River Place Boulevard,natural gas,
57398,IPP Non-CHP,Oilton,Texas,78731,18724 State Highway 359,wind,
11269,Electric Utility,Austin,Texas,78738,4400 North Ranch Rd.,hydroelectric,
25049,IPP Non-CHP,Austin,Texas,78754,9912 Giles Road,biomass,
56769,IPP Non-CHP,Uvalde,Texas,78801,5061 Farm to Market 1023,solar,
56215,IPP Non-CHP,Brackettville,Texas,78832,15542 Ranch Road 1572,wind,
56769,IPP Non-CHP,Brackettville,Texas,78837,Ranch to Market Road 334,solar,
54683,IPP Non-CHP,Eagle Pass,Texas,78852,FM 1907 & Del Rio Hwy,hydroelectric,
60520,IPP Non-CHP,Leakey,Texas,78873,352 Walter White Ranch Road,solar,
57170,IPP Non-CHP,Adrian,Texas,79001,6899 Windy Way Road,wind,
59344,Industrial Non-CHP,Briscoe,Texas,79011,15853 FM 277,natural gas,
57054,IPP Non-CHP,Channing,Texas,79018,4495 FM 722,wind,
49893,IPP Non-CHP,Dimmitt,Texas,79027,657 CR 617,wind,
56044,IPP Non-CHP,Dumas,Texas,79029,6000 Stallwitz Road,wind,
17718,Electric Utility,Earth,Texas,79031,5m  S. on Earth on FM Rd 1055,natural gas,
60475,IPP Non-CHP,Friona,Texas,79035,2145 County Rd E,wind,
56627,IPP Non-CHP,Gruver,Texas,79040,15150 County Road 2,wind,
60515,IPP Non-CHP,Happy,Texas,79042,41801 FM 168,wind,
59871,IPP Non-CHP,Hereford,Texas,79045,1600 County Road 603,wind,
49893,IPP Non-CHP,Miami,Texas,79059,3096 FM 1268,wind,
56627,IPP Non-CHP,Morse,Texas,79062,8570 Co Rd H,wind,
56046,IPP Non-CHP,Panhandle,Texas,79068,536 FM293,wind,
59238,IPP Non-CHP,Perryton,Texas,79070,14535 FM 1267,wind,
49903,IPP Non-CHP,Spearman,Texas,79081,14899 County Rd 17,wind,
56041,IPP Non-CHP,Sunray,Texas,79086,6603 FM 281,wind,
57170,IPP Non-CHP,Vegas,Texas,79092,111 County Road F,wind,
17058,IPP Non-CHP,White Deer,Texas,79097,"300 South Main, P.O. Box 798",wind,
7349,Electric Utility,Wilderado,Texas,79098,6514 CR 50,wind,
58388,Commercial Non-CHP,Amarillo,Texas,79120,FM 2373 and Highway 60,wind,
57170,IPP Non-CHP,Silverton,Texas,79201,120 CR 17,wind,
17650,IPP Non-CHP,Clarendon,Texas,79226,12124 I-40,wind,
55922,IPP Non-CHP,Floydada,Texas,79235,1683 County Rd 271,wind,
59155,IPP Non-CHP,Floydada,Texas,79241,1700 State Highway 207,wind,
49893,IPP Non-CHP,McAdoo,Texas,79243,401 W FM 193,wind,
59503,IPP Non-CHP,Silverton,Texas,79257,9947 County Road F,wind,
7349,Electric Utility,Abernathy,Texas,79311,1454 CR 315,natural gas,
17650,IPP Non-CHP,Crosbyton,Texas,79322,,wind,
429,Industrial CHP,Denver City,Texas,79323,2582 County Road 355,natural gas,
,,,,,,,
,,,,,,,
,,,,,,,
,,,,,,,
,,,,,,,
,,,,,,,
,,,,,,,
,,,,,,,
,,,,,,,
,,,,,,,
,,,,,,,
,,,,,,,
,,,,,,,
,,,,,,,
,,,,,,,
,,,,,,,
,,,,,,,
,,,,,,,
,,,,,,,
,,,,,,,
,,,,,,,
,,,,,,,
,,,,,,,
,,,,,,,
,,,,,,,
,,,,,,,
,,,,,,,
,,,,,,,
,,,,,,,
,,,,,,,
,,,,,,,
,,,,,,,
,,,,,,,
,,,,,,,
,,,,,,,
,,,,,,,
,,,,,,,
,,,,,,,
,,,,,,,
,,,,,,,
,,,,,,,
,,,,,,,
,,,,,,,
,,,,,,,
,,,,,,,
,,,,,,,
,,,,,,,
,,,,,,,
,,,,,,,
,,,,,,,
,,,,,,,
,,,,,,,
,,,,,,,
,,,,,,,
,,,,,,,
,,,,,,,
,,,,,,,
,,,,,,,
,,,,,,,
,,,,,,,
,,,,,,,
,,,,,,,
,,,,,,,
,,,,,,,
,,,,,,,
,,,,,,,
,,,,,,,
,,,,,,,
,,,,,,,
,,,,,,,
,,,,,,,
,,,,,,,
,,,,,,,
,,,,,,,
,,,,,,,
,,,,,,,
,,,,,,,
,,,,,,,
,,,,,,,
,,,,,,,
,,,,,,,
,,,,,,,
,,,,,,,
,,,,,,,
,,,,,,,
,,,,,,,
,,,,,,,
,,,,,,,
,,,,,,,
,,,,,,,
,,,,,,,
,,,,,,,
,,,,,,,
,,,,,,,
,,,,,,,
,,,,,,,
,,,,,,,
,,,,,,,
,,,,,,,
,,,,,,,
,,,,,,,
,,,,,,,
,,,,,,,
,,,,,,,
,,,,,,,
,,,,,,,
,,,,,,,
,,,,,,,
,,,,,,,
,,,,,,,
,,,,,,,
,,,,,,,
,,,,,,,
,,,,,,,
,,,,,,,
,,,,,,,
,,,,,,,
,,,,,,,
,,,,,,,
,,,,,,,
,,,,,,,
,,,,,,,
,,,,,,,
,,,,,,,
,,,,,,,
,,,,,,,
,,,,,,,
,,,,,,,
,,,,,,,
,,,,,,,
,,,,,,,
,,,,,,,
,,,,,,,
,,,,,,,
,,,,,,,
,,,,,,,
,,,,,,,
,,,,,,,
,,,,,,,
,,,,,,,
,,,,,,,
,,,,,,,
,,,,,,,
,,,,,,,
,,,,,,,
,,,,,,,
,,,,,,,
,,,,,,,
,,,,,,,
,,,,,,,
,,,,,,,
,,,,,,,
,,,,,,,
,,,,,,,
,,,,,,,
,,,,,,,
,,,,,,,
,,,,,,,
,,,,,,,
,,,,,,,
,,,,,,,
,,,,,,,
,,,,,,,
,,,,,,,
,,,,,,,
,,,,,,,
,,,,,,,
,,,,,,,
,,,,,,,
,,,,,,,
,,,,,,,
,,,,,,,
,,,,,,,
,,,,,,,
,,,,,,,
,,,,,,,
,,,,,,,
,,,,,,,
,,,,,,,
,,,,,,,
,,,,,,,
,,,,,,,
,,,,,,,
,,,,,,,
,,,,,,,
,,,,,,,
,,,,,,,
,,,,,,,
,,,,,,,
,,,,,,,
,,,,,,,
,,,,,,,
,,,,,,,
,,,,,,,
,,,,,,,
,,,,,,,
,,,,,,,
,,,,,,,
,,,,,,,
,,,,,,,
,,,,,,,
,,,,,,,
,,,,,,,
,,,,,,,
,,,,,,,
,,,,,,,
,,,,,,,
,,,,,,,
,,,,,,,
,,,,,,,
,,,,,,,
,,,,,,,
,,,,,,,
,,,,,,,
,,,,,,,
,,,,,,,
,,,,,,,
,,,,,,,
,,,,,,,
,,,,,,,
,,,,,,,
,,,,,,,
,,,,,,,
,,,,,,,
,,,,,,,
,,,,,,,
,,,,,,,
,,,,,,,
,,,,,,,
,,,,,,,
,,,,,,,
,,,,,,,
,,,,,,,
,,,,,,,
,,,,,,,
,,,,,,,
,,,,,,,
,,,,,,,
,,,,,,,
,,,,,,,
,,,,,,,
,,,,,,,
,,,,,,,
,,,,,,,
,,,,,,,
,,,,,,,
,,,,,,,
,,,,,,,
,,,,,,,
,,,,,,,
,,,,,,,
,,,,,,,
,,,,,,,
,,,,,,,
,,,,,,,
,,,,,,,
,,,,,,,
,,,,,,,
,,,,,,,
,,,,,,,
,,,,,,,
,,,,,,,
,,,,,,,
,,,,,,,
,,,,,,,
,,,,,,,
,,,,,,,
,,,,,,,
,,,,,,,
,,,,,,,
,,,,,,,
,,,,,,,
,,,,,,,
,,,,,,,
,,,,,,,
,,,,,,,
,,,,,,,
,,,,,,,
,,,,,,,
,,,,,,,
,,,,,,,
,,,,,,,
,,,,,,,
,,,,,,,
,,,,,,,
,,,,,,,
,,,,,,,
,,,,,,,
,,,,,,,
,,,,,,,
,,,,,,,
,,,,,,,
,,,,,,,
,,,,,,,
,,,,,,,
,,,,,,,
,,,,,,,
,,,,,,,
,,,,,,,
,,,,,,,
,,,,,,,
,,,,,,,
,,,,,,,
,,,,,,,
,,,,,,,
,,,,,,,
,,,,,,,
,,,,,,,
,,,,,,,
,,,,,,,
,,,,,,,
,,,,,,,
,,,,,,,
,,,,,,,
,,,,,,,
,,,,,,,
,,,,,,,
,,,,,,,
,,,,,,,
,,,,,,,
,,,,,,,
,,,,,,,
,,,,,,,
,,,,,,,
,,,,,,,
,,,,,,,
,,,,,,,
,,,,,,,
,,,,,,,
,,,,,,,
,,,,,,,
,,,,,,,
,,,,,,,
,,,,,,,
,,,,,,,
,,,,,,,
,,,,,,,
,,,,,,,
,,,,,,,
,,,,,,,
,,,,,,,
,,,,,,,
,,,,,,,
,,,,,,,
,,,,,,,
,,,,,,,
,,,,,,,
,,,,,,,
,,,,,,,
,,,,,,,
,,,,,,,
,,,,,,,
,,,,,,,
,,,,,,,
,,,,,,,
,,,,,,,
,,,,,,,
,,,,,,,
,,,,,,,
,,,,,,,
,,,,,,,
,,,,,,,
,,,,,,,
,,,,,,,
,,,,,,,
,,,,,,,
,,,,,,,
,,,,,,,
,,,,,,,
,,,,,,,
,,,,,,,
,,,,,,,
,,,,,,,
,,,,,,,
,,,,,,,
,,,,,,,
,,,,,,,
,,,,,,,
,,,,,,,
,,,,,,,
,,,,,,,
,,,,,,,
,,,,,,,
,,,,,,,
,,,,,,,
,,,,,,,
,,,,,,,
,,,,,,,
,,,,,,,
,,,,,,,
,,,,,,,
,,,,,,,
,,,,,,,
,,,,,,,
,,,,,,,
,,,,,,,
,,,,,,,
,,,,,,,
,,,,,,,
,,,,,,,
,,,,,,,
,,,,,,,
